{id,first_name,last_name,email,gender,job_title
1,Haleigh,Goodlud,hgoodlud0@cbc.ca,Female,139.233.218.27
2,Sharlene,Forsythe,sforsythe1@abc.net.au,Female,205.166.31.74
3,Roddie,Bomb,rbomb2@google.co.uk,Male,47.50.3.34
4,Kathi,Lusgdin,klusgdin3@yelp.com,Female,231.56.126.32
5,Sheila,Boxall,sboxall4@icio.us,Female,171.85.122.168
6,Gordy,Mallatratt,gmallatratt5@stanford.edu,Male,165.178.250.95
7,Reggie,Fowle,rfowle6@psu.edu,Female,105.110.233.107
8,Giralda,Carvill,gcarvill7@house.gov,Female,149.130.208.168
9,Shurwood,Blampey,sblampey8@miitbeian.gov.cn,Genderfluid,108.178.186.117
10,Faythe,Roja,froja9@tumblr.com,Female,205.80.151.235
11,Henderson,Beedle,hbeedlea@nationalgeographic.com,Male,49.37.174.186
12,Drugi,Onion,donionb@elegantthemes.com,Male,162.105.0.245
13,Bryon,Pluck,bpluckc@uol.com.br,Male,28.186.17.226
14,Ilyse,Courtenay,icourtenayd@unblog.fr,Female,11.18.132.45
15,Kate,Hartnell,khartnelle@wikimedia.org,Female,160.127.70.158
16,Johanna,Cooch,jcoochf@pinterest.com,Female,244.24.6.92
17,Zared,Orange,zorangeg@i2i.jp,Male,79.54.18.192
18,Jack,McNabb,jmcnabbh@posterous.com,Male,230.212.184.174
19,Alidia,Dumberrill,adumberrilli@disqus.com,Female,116.115.186.10
20,Silvia,Firsby,sfirsbyj@github.com,Female,223.220.59.92
21,Hildegaard,Le Fleming,hleflemingk@photobucket.com,Female,51.198.154.166
22,Kassandra,Jordi,kjordil@amazon.co.uk,Female,15.230.217.247
23,Harley,Janos,hjanosm@netlog.com,Male,40.70.17.225
24,Shay,Storah,sstorahn@mtv.com,Male,92.135.84.97
25,Manda,Brazil,mbrazilo@nationalgeographic.com,Female,14.82.92.171
26,Blair,Simonel,bsimonelp@live.com,Female,10.159.150.80
27,Artemus,Gaze,agazeq@free.fr,Male,42.162.230.234
28,Townie,Ede,teder@pen.io,Male,212.187.55.13
29,Kasey,Helmke,khelmkes@soundcloud.com,Female,106.184.243.85
30,Emmalee,Chewter,echewtert@printfriendly.com,Female,195.213.195.207
31,Maressa,Horick,mhoricku@blogs.com,Female,196.109.59.86
32,Charlot,Leppington,cleppingtonv@reuters.com,Polygender,207.244.226.230
33,Hort,Mathissen,hmathissenw@discovery.com,Bigender,101.77.254.8
34,Emiline,Cadagan,ecadaganx@plala.or.jp,Female,39.146.189.213
35,Franklyn,Cruse,fcrusey@nyu.edu,Male,49.9.95.102
36,Enrichetta,Ashe,eashez@nifty.com,Female,211.161.111.17
37,Chev,Kubat,ckubat10@virginia.edu,Male,194.208.211.4
38,Fabe,Joselevitch,fjoselevitch11@github.com,Male,72.140.247.165
39,Beatrix,Surgen,bsurgen12@goo.ne.jp,Bigender,14.172.14.58
40,Booth,Spargo,bspargo13@cyberchimps.com,Male,62.148.213.81
41,Titos,Billison,tbillison14@twitpic.com,Male,49.83.22.101
42,Pepita,Curzon,pcurzon15@irs.gov,Female,29.113.62.59
43,Frazier,Haydney,fhaydney16@europa.eu,Male,223.243.153.176
44,Tera,Mannin,tmannin17@nhs.uk,Female,241.255.154.12
45,Martainn,Bockler,mbockler18@weebly.com,Genderqueer,89.228.29.164
46,Zorah,Hehl,zhehl19@webs.com,Female,27.180.45.114
47,Willey,Wadie,wwadie1a@youtu.be,Male,85.159.204.21
48,Whit,Weiner,wweiner1b@naver.com,Male,254.92.143.27
49,Karlotta,Giacopello,kgiacopello1c@google.it,Female,78.40.168.186
50,Arron,Gallichan,agallichan1d@rambler.ru,Male,102.50.70.107
51,Kincaid,Albon,kalbon1e@blog.com,Male,50.85.126.236
52,Arden,Squeers,asqueers1f@scribd.com,Female,165.10.212.22
53,Kata,Rentelll,krentelll1g@51.la,Female,63.172.90.157
54,Kale,Rentenbeck,krentenbeck1h@t-online.de,Male,164.113.128.162
55,Riccardo,Sterman,rsterman1i@geocities.com,Male,137.21.177.111
56,Garfield,Roft,groft1j@slashdot.org,Male,95.221.164.131
57,Breanne,Eastbrook,beastbrook1k@washingtonpost.com,Polygender,181.8.220.127
58,Aridatha,Berkelay,aberkelay1l@cbc.ca,Female,210.75.7.182
59,Merwin,Blondell,mblondell1m@theatlantic.com,Male,245.162.156.199
60,Sully,McKinn,smckinn1n@shutterfly.com,Male,19.28.110.112
61,Dorey,Stolle,dstolle1o@whitehouse.gov,Male,110.59.223.43
62,Zenia,Hache,zhache1p@addthis.com,Female,119.240.212.7
63,Rocky,Chippindale,rchippindale1q@sciencedirect.com,Male,229.165.67.45
64,Baxter,Deplacido,bdeplacido1r@canalblog.com,Agender,94.29.201.238
65,Marlyn,Harp,mharp1s@indiatimes.com,Bigender,17.155.18.60
66,Tommi,Cliburn,tcliburn1t@bloglines.com,Genderqueer,106.76.108.28
67,Dix,Kolodziejski,dkolodziejski1u@mayoclinic.com,Female,46.149.237.213
68,Karol,Iacovacci,kiacovacci1v@gizmodo.com,Female,174.207.8.6
69,Adamo,Skechley,askechley1w@spotify.com,Male,26.204.244.127
70,Enrica,Simonetti,esimonetti1x@mediafire.com,Female,88.223.44.234
71,Stefan,Baversor,sbaversor1y@uol.com.br,Male,67.164.30.165
72,Ilario,Henrion,ihenrion1z@ask.com,Male,215.223.2.8
73,Bernadette,Geertz,bgeertz20@who.int,Female,5.253.70.38
74,Neill,Wiltshier,nwiltshier21@zdnet.com,Male,179.100.179.177
75,Dorolice,Spoward,dspoward22@wiley.com,Genderqueer,192.161.183.77
76,Penrod,Goldingay,pgoldingay23@mlb.com,Bigender,205.120.164.50
77,Porty,Kaveney,pkaveney24@cnet.com,Genderqueer,30.60.224.223
78,Lavinie,Sallis,lsallis25@unblog.fr,Female,212.121.78.121
79,Dario,Cornford,dcornford26@cdc.gov,Male,199.5.32.51
80,Licha,Pavie,lpavie27@apple.com,Non-binary,30.60.156.49
81,Karlan,Pettegre,kpettegre28@arstechnica.com,Male,153.57.128.105
82,Devin,Smitton,dsmitton29@seesaa.net,Male,148.160.242.104
83,Dolli,Weald,dweald2a@trellian.com,Genderfluid,239.67.232.103
84,Esma,Runham,erunham2b@about.me,Female,94.13.204.18
85,Ashil,Vicker,avicker2c@economist.com,Female,21.177.133.205
86,Kippy,Hirtzmann,khirtzmann2d@elpais.com,Male,64.127.190.194
87,Giraud,Benning,gbenning2e@photobucket.com,Male,110.121.83.186
88,Ange,Pickover,apickover2f@huffingtonpost.com,Female,0.35.179.215
89,Paulie,Wattinham,pwattinham2g@nyu.edu,Agender,217.227.55.231
90,Barnie,Seer,bseer2h@wp.com,Male,12.89.194.116
91,Noe,Wimms,nwimms2i@gizmodo.com,Agender,136.142.181.64
92,Kennett,Cayser,kcayser2j@delicious.com,Male,149.250.7.184
93,Pamella,Greenrodd,pgreenrodd2k@amazon.co.jp,Female,246.14.28.0
94,Abigale,Lescop,alescop2l@indiegogo.com,Female,141.44.133.97
95,Thorin,Peggs,tpeggs2m@pen.io,Male,58.190.104.252
96,Cherianne,Ludwig,cludwig2n@amazon.co.uk,Female,11.181.138.253
97,Tami,Bunt,tbunt2o@qq.com,Agender,188.115.222.227
98,Graehme,D'Oyly,gdoyly2p@globo.com,Male,116.132.70.174
99,Aloin,Dewfall,adewfall2q@google.ru,Male,69.188.2.183
100,Cointon,Wilkinson,cwilkinson2r@discuz.net,Male,168.13.167.201
101,Gideon,Dearnley,gdearnley2s@blinklist.com,Male,199.58.144.214
102,Tadd,Elix,telix2t@acquirethisname.com,Male,124.243.77.106
103,Nelly,De Rechter,nderechter2u@wired.com,Female,10.4.130.119
104,Agace,Fockes,afockes2v@blogs.com,Female,129.44.77.34
105,Rickert,Bridgestock,rbridgestock2w@prnewswire.com,Non-binary,143.242.58.139
106,Lotte,Arndtsen,larndtsen2x@statcounter.com,Female,54.31.163.77
107,Lois,Shillan,lshillan2y@newyorker.com,Female,234.151.92.58
108,Rosaline,Pray,rpray2z@booking.com,Female,249.108.45.195
109,Rafael,Whimpenny,rwhimpenny30@themeforest.net,Male,127.89.200.166
110,Kaycee,Harmar,kharmar31@sakura.ne.jp,Female,186.88.251.222
111,Nissy,Wynes,nwynes32@biglobe.ne.jp,Female,184.29.214.195
112,Scottie,Madgett,smadgett33@wp.com,Male,219.13.198.228
113,Madelin,Baudins,mbaudins34@tinyurl.com,Female,120.150.39.201
114,Armando,Legonidec,alegonidec35@etsy.com,Male,196.219.17.22
115,Kerby,Petrichat,kpetrichat36@phoca.cz,Male,202.131.72.49
116,Bartie,Jindrak,bjindrak37@theatlantic.com,Male,213.226.162.132
117,Ignatius,Murrigans,imurrigans38@google.co.uk,Male,224.57.82.99
118,Hildegarde,Weaben,hweaben39@nature.com,Female,174.152.94.246
119,Lawton,Levins,llevins3a@dailymotion.com,Bigender,69.107.200.182
120,Lambert,Lempke,llempke3b@cafepress.com,Male,90.1.111.246
121,Robinet,Hellwich,rhellwich3c@hatena.ne.jp,Male,189.105.82.123
122,Tawnya,Germaine,tgermaine3d@mozilla.org,Female,19.140.216.242
123,Siegfried,Snelgrove,ssnelgrove3e@army.mil,Male,53.122.83.114
124,Killy,Girdlestone,kgirdlestone3f@barnesandnoble.com,Male,185.86.206.11
125,Mort,Andrejevic,mandrejevic3g@house.gov,Male,150.195.231.204
126,Rocky,Pavlovsky,rpavlovsky3h@sohu.com,Male,59.241.86.254
127,Dane,Rickis,drickis3i@dedecms.com,Agender,199.65.38.14
128,Shanna,Olechnowicz,solechnowicz3j@1und1.de,Non-binary,164.156.254.93
129,Jonathon,Bragger,jbragger3k@icio.us,Male,183.231.239.95
130,Creigh,Kolodziej,ckolodziej3l@vkontakte.ru,Male,94.184.13.142
131,Zulema,Ramiro,zramiro3m@cafepress.com,Female,185.145.13.241
132,Lazaro,Flancinbaum,lflancinbaum3n@dion.ne.jp,Male,35.240.57.135
133,Delmar,Richardeau,drichardeau3o@bloomberg.com,Male,106.139.139.243
134,Avis,Bratcher,abratcher3p@time.com,Polygender,59.193.148.17
135,Venita,Hillaby,vhillaby3q@chicagotribune.com,Female,111.30.72.15
136,Ario,Scragg,ascragg3r@qq.com,Male,95.195.140.81
137,Cecilius,Dibbe,cdibbe3s@cbsnews.com,Male,136.146.181.56
138,Cyrill,Blackborough,cblackborough3t@opensource.org,Male,152.171.159.255
139,Kipper,Brimley,kbrimley3u@mapquest.com,Male,63.177.118.165
140,Anabella,Stanex,astanex3v@apple.com,Female,233.204.249.168
141,Eryn,Habbin,ehabbin3w@uol.com.br,Female,37.43.233.126
142,Eldridge,Burkinshaw,eburkinshaw3x@pagesperso-orange.fr,Male,253.212.74.4
143,Tye,Slowey,tslowey3y@goodreads.com,Male,25.99.1.53
144,Clo,Abelovitz,cabelovitz3z@icio.us,Female,225.56.128.237
145,Debby,Londing,dlonding40@businessinsider.com,Female,37.184.87.248
146,Warren,Lamburne,wlamburne41@usda.gov,Male,71.243.226.183
147,Thaddeus,Dearlove,tdearlove42@studiopress.com,Male,14.19.131.73
148,Shanda,Lain,slain43@noaa.gov,Female,205.74.54.30
149,Dinah,Valti,dvalti44@etsy.com,Female,241.255.146.165
150,Anatollo,Osborn,aosborn45@de.vu,Male,72.120.175.101
151,Anastassia,D'Adamo,adadamo46@t.co,Female,77.30.247.34
152,Boycie,Swanton,bswanton47@clickbank.net,Male,223.109.201.80
153,Humphrey,Loughney,hloughney48@sfgate.com,Male,190.141.58.3
154,Kendell,Hallin,khallin49@reference.com,Male,38.244.210.144
155,Darnell,Plum,dplum4a@multiply.com,Male,121.177.121.164
156,Phillipe,Wolland,pwolland4b@t-online.de,Male,50.177.209.131
157,Lara,Burleton,lburleton4c@earthlink.net,Female,127.120.243.87
158,Lefty,Szymanowicz,lszymanowicz4d@salon.com,Male,40.8.153.42
159,Bryn,Shankland,bshankland4e@senate.gov,Female,248.111.225.171
160,Tadeas,Beauchop,tbeauchop4f@hubpages.com,Male,77.8.249.146
161,Raquela,Lye,rlye4g@reuters.com,Female,40.252.3.93
162,Josee,Palumbo,jpalumbo4h@latimes.com,Female,69.189.33.104
163,Howard,Trevett,htrevett4i@wiley.com,Male,84.143.100.152
164,Sandi,Blitz,sblitz4j@salon.com,Female,133.233.105.12
165,Tabbie,Preene,tpreene4k@sphinn.com,Genderfluid,89.96.232.192
166,Corney,Gribbell,cgribbell4l@xing.com,Male,175.15.133.181
167,Amie,Leate,aleate4m@netvibes.com,Female,57.24.42.171
168,Flossi,Posthill,fposthill4n@theatlantic.com,Female,231.242.149.32
169,Nicky,Hollows,nhollows4o@goo.ne.jp,Male,81.44.243.113
170,Betsy,Dabnot,bdabnot4p@xrea.com,Genderfluid,216.159.110.180
171,Clifford,Corking,ccorking4q@earthlink.net,Male,75.140.242.164
172,Nancy,Durran,ndurran4r@is.gd,Female,49.210.9.223
173,Liz,Furman,lfurman4s@zimbio.com,Female,29.122.134.220
174,Pru,Eastam,peastam4t@symantec.com,Female,28.158.56.52
175,Dolly,Skeldon,dskeldon4u@google.cn,Female,34.51.138.135
176,Alard,Kovalski,akovalski4v@cam.ac.uk,Male,44.236.25.34
177,Zorana,Ivan,zivan4w@paypal.com,Female,135.76.184.250
178,Meredeth,Douty,mdouty4x@toplist.cz,Male,223.15.214.175
179,Timothea,Syrett,tsyrett4y@dagondesign.com,Female,211.65.197.84
180,Christoffer,Fillgate,cfillgate4z@biblegateway.com,Male,144.135.113.104
181,Carmine,Rainon,crainon50@elegantthemes.com,Male,198.142.215.77
182,Gretel,Boldock,gboldock51@nymag.com,Female,114.25.204.154
183,Lexis,Weir,lweir52@indiegogo.com,Female,43.6.58.21
184,Sharity,Tillerton,stillerton53@tamu.edu,Female,86.210.96.0
185,Liesa,Drewet,ldrewet54@list-manage.com,Non-binary,105.217.40.95
186,Gratiana,Thurbon,gthurbon55@csmonitor.com,Female,163.3.175.28
187,Fannie,Curton,fcurton56@mapy.cz,Female,145.177.157.252
188,Redd,Liven,rliven57@blogs.com,Male,215.4.139.169
189,Anstice,Cobson,acobson58@usnews.com,Genderqueer,195.167.221.47
190,Franklin,Sherebrook,fsherebrook59@cbsnews.com,Male,199.242.99.238
191,Bond,Deval,bdeval5a@newsvine.com,Male,9.219.202.253
192,Denis,Frangello,dfrangello5b@posterous.com,Male,147.58.82.126
193,Annis,Bursnell,abursnell5c@mac.com,Female,147.39.46.139
194,Vin,Linnemann,vlinnemann5d@blogs.com,Male,21.47.38.8
195,Evangeline,Temblett,etemblett5e@state.gov,Female,144.64.14.40
196,Fanechka,Minker,fminker5f@businessinsider.com,Female,179.47.81.38
197,Tessie,Timewell,ttimewell5g@dion.ne.jp,Female,53.147.150.77
198,Roxanna,Kemwal,rkemwal5h@pbs.org,Female,238.166.243.193
199,Cairistiona,Collough,ccollough5i@msn.com,Female,167.233.151.107
200,Anders,Pilfold,apilfold5j@blog.com,Male,243.52.190.225
201,Hugh,Dabney,hdabney5k@google.es,Male,142.237.54.7
202,Walsh,Jentet,wjentet5l@i2i.jp,Male,56.104.111.36
203,Delphine,Bootman,dbootman5m@tinypic.com,Female,7.26.205.253
204,Sheryl,Cornbell,scornbell5n@ezinearticles.com,Female,109.12.98.53
205,El,Rabl,erabl5o@mac.com,Male,17.164.131.192
206,Ajay,Georgeson,ageorgeson5p@infoseek.co.jp,Female,1.206.226.175
207,Roarke,Hassen,rhassen5q@amazon.de,Male,113.154.248.24
208,Tedd,Delucia,tdelucia5r@gnu.org,Male,27.29.47.189
209,Briny,Neachell,bneachell5s@themeforest.net,Female,64.217.9.81
210,Lanae,Surgeon,lsurgeon5t@fda.gov,Female,53.226.206.207
211,Nicolis,Catherick,ncatherick5u@springer.com,Bigender,15.25.211.237
212,Robyn,Vooght,rvooght5v@artisteer.com,Female,233.188.110.152
213,Nerti,Dabels,ndabels5w@cafepress.com,Polygender,78.11.57.179
214,Ina,Maulkin,imaulkin5x@51.la,Female,66.53.7.92
215,Tabbatha,O'Fihily,tofihily5y@networkadvertising.org,Female,61.110.93.65
216,Cullen,Mapowder,cmapowder5z@parallels.com,Male,134.141.176.51
217,Amie,Cragg,acragg60@home.pl,Female,118.40.132.120
218,Joby,Dyball,jdyball61@nbcnews.com,Female,135.155.8.200
219,Daisy,Latore,dlatore62@vkontakte.ru,Female,110.116.191.67
220,Wakefield,Philbrook,wphilbrook63@qq.com,Male,161.244.77.18
221,Agathe,Feakins,afeakins64@mozilla.org,Non-binary,191.117.112.176
222,Kiley,Tesseyman,ktesseyman65@scientificamerican.com,Male,199.149.16.0
223,Brose,McKeachie,bmckeachie66@wiley.com,Male,207.45.40.233
224,Maia,Collingdon,mcollingdon67@pbs.org,Female,54.214.117.139
225,Kiersten,Craise,kcraise68@flavors.me,Female,28.223.116.20
226,Grazia,Erangy,gerangy69@comcast.net,Bigender,253.204.25.52
227,Waiter,Kippin,wkippin6a@wikispaces.com,Male,202.152.24.98
228,Peg,McNeely,pmcneely6b@google.it,Female,89.45.138.32
229,Rosmunda,Fendley,rfendley6c@netscape.com,Female,200.133.136.155
230,Dolf,Terese,dterese6d@smugmug.com,Male,61.156.144.234
231,Hewitt,Bonehill,hbonehill6e@tuttocitta.it,Male,39.20.193.79
232,Uta,Kobieriecki,ukobieriecki6f@addtoany.com,Female,161.150.135.186
233,Bathsheba,Anfossi,banfossi6g@netvibes.com,Female,112.144.250.120
234,Mathias,Treske,mtreske6h@answers.com,Male,252.158.61.123
235,Elnora,Taynton,etaynton6i@cnet.com,Female,171.8.58.124
236,Simonette,Marian,smarian6j@abc.net.au,Female,22.170.92.199
237,Cherie,Crowder,ccrowder6k@google.es,Female,166.239.183.113
238,Harriott,Wilby,hwilby6l@amazon.de,Female,65.214.40.69
239,Wenona,Weal,wweal6m@mayoclinic.com,Female,226.115.81.79
240,Lu,Cady,lcady6n@wordpress.org,Female,6.92.70.162
241,Jerry,Vayro,jvayro6o@geocities.jp,Female,145.100.223.59
242,Phoebe,Caughey,pcaughey6p@independent.co.uk,Female,239.134.221.248
243,Raf,Frapwell,rfrapwell6q@plala.or.jp,Female,249.26.145.210
244,Harcourt,Holtum,hholtum6r@reddit.com,Male,87.27.5.148
245,Shellysheldon,Corran,scorran6s@prnewswire.com,Male,255.66.137.224
246,Rockey,Terrelly,rterrelly6t@twitpic.com,Male,160.7.3.0
247,Karen,Geere,kgeere6u@nyu.edu,Female,3.156.42.87
248,Bernie,Pagnin,bpagnin6v@typepad.com,Female,119.237.219.217
249,Teddy,Rainbow,trainbow6w@ftc.gov,Female,173.31.211.15
250,Aviva,Yeates,ayeates6x@wsj.com,Female,235.54.250.6
251,Linnell,Latehouse,llatehouse6y@ucoz.ru,Female,232.170.226.215
252,Shoshanna,Capelow,scapelow6z@theatlantic.com,Female,43.79.121.170
253,Valenka,Hebblewaite,vhebblewaite70@google.it,Female,76.108.132.217
254,Yetta,Dodd,ydodd71@mtv.com,Female,229.155.235.206
255,Niki,Iacofo,niacofo72@zdnet.com,Female,164.19.2.123
256,Tommy,Kennaway,tkennaway73@theatlantic.com,Male,76.19.19.163
257,Baudoin,Skellon,bskellon74@plala.or.jp,Male,53.54.228.118
258,Alanah,Medford,amedford75@google.pl,Female,112.22.155.141
259,Gerladina,Tubbs,gtubbs76@auda.org.au,Female,196.107.177.41
260,Chan,Atkinson,catkinson77@yahoo.co.jp,Male,125.94.141.250
261,Lorena,Greetham,lgreetham78@google.it,Female,104.54.67.148
262,Franky,Donativo,fdonativo79@mozilla.org,Male,162.192.28.9
263,Florie,Flavelle,fflavelle7a@bluehost.com,Female,100.122.115.154
264,Herold,Simonsen,hsimonsen7b@miibeian.gov.cn,Male,117.30.46.203
265,Haily,Bareham,hbareham7c@imdb.com,Female,24.224.182.197
266,Fiona,McCahill,fmccahill7d@trellian.com,Female,153.106.104.15
267,Vivien,McKnish,vmcknish7e@soundcloud.com,Female,13.179.172.134
268,Modestine,De Luna,mdeluna7f@ehow.com,Polygender,244.18.233.222
269,Lilah,Hablot,lhablot7g@biglobe.ne.jp,Female,102.162.164.163
270,Sauncho,Skatcher,sskatcher7h@nasa.gov,Male,65.148.157.86
271,Kasey,Tripean,ktripean7i@so-net.ne.jp,Female,123.107.138.108
272,Farley,Caitlin,fcaitlin7j@time.com,Male,7.126.122.195
273,Gualterio,Kobes,gkobes7k@craigslist.org,Male,251.145.196.230
274,Valerye,Rubinfeld,vrubinfeld7l@boston.com,Female,150.42.191.168
275,Helge,Witson,hwitson7m@miitbeian.gov.cn,Female,104.10.126.219
276,Theobald,Haibel,thaibel7n@goo.gl,Non-binary,111.115.238.239
277,Warden,Hearons,whearons7o@yelp.com,Male,250.31.100.201
278,Anselma,Gookes,agookes7p@51.la,Female,112.98.184.77
279,Nilson,Sumshon,nsumshon7q@wisc.edu,Male,48.20.135.1
280,Rand,Skiggs,rskiggs7r@icq.com,Male,92.19.75.80
281,Aldo,Noore,anoore7s@livejournal.com,Bigender,171.150.49.19
282,Kasey,Blacksell,kblacksell7t@topsy.com,Female,1.67.168.180
283,Doro,Aikenhead,daikenhead7u@dedecms.com,Genderqueer,228.159.160.193
284,Mata,Coot,mcoot7v@cafepress.com,Male,116.151.193.163
285,Chicky,Mariot,cmariot7w@uiuc.edu,Non-binary,104.223.86.84
286,Zulema,Braunthal,zbraunthal7x@vimeo.com,Female,43.26.127.242
287,Kalle,Sarath,ksarath7y@cam.ac.uk,Male,242.17.66.14
288,Hobart,Hundy,hhundy7z@archive.org,Male,32.151.211.15
289,Katrina,Waymont,kwaymont80@google.cn,Female,202.227.22.142
290,Elfrida,Cashford,ecashford81@purevolume.com,Female,184.101.25.218
291,Giff,Allonby,gallonby82@4shared.com,Male,164.132.163.39
292,Roddie,Beachamp,rbeachamp83@goo.ne.jp,Male,45.85.158.97
293,Gail,Shorton,gshorton84@about.me,Male,182.179.34.95
294,Aldous,Tremeer,atremeer85@taobao.com,Male,244.166.64.65
295,David,Queyeiro,dqueyeiro86@unc.edu,Male,86.117.184.218
296,Shay,Hause,shause87@tiny.cc,Female,221.71.110.173
297,Gus,Eckart,geckart88@nasa.gov,Male,244.13.111.158
298,Duane,Ousley,dousley89@admin.ch,Non-binary,122.245.23.246
299,Oswald,Lembrick,olembrick8a@ibm.com,Male,62.158.44.135
300,Emili,Abba,eabba8b@shutterfly.com,Female,1.176.130.73
301,Ash,Tureville,atureville8c@tripod.com,Male,223.102.127.205
302,Raul,Carefull,rcarefull8d@free.fr,Male,204.13.236.171
303,Jo-ann,Warsap,jwarsap8e@behance.net,Polygender,156.35.174.167
304,Vail,Havesides,vhavesides8f@psu.edu,Male,110.160.149.127
305,Glenine,Aleswell,galeswell8g@reverbnation.com,Female,41.200.230.156
306,Bill,Fairbeard,bfairbeard8h@foxnews.com,Female,148.198.207.187
307,Frans,Webb,fwebb8i@weibo.com,Male,168.198.203.134
308,Dagny,Gaffey,dgaffey8j@marriott.com,Male,9.101.59.13
309,Zsazsa,Tripett,ztripett8k@wikimedia.org,Female,149.24.209.2
310,Eadmund,Flucks,eflucks8l@stanford.edu,Agender,11.246.45.26
311,Christin,Bruce,cbruce8m@twitpic.com,Female,207.142.242.127
312,Leisha,Benzi,lbenzi8n@posterous.com,Female,145.161.186.11
313,Rutter,Sammonds,rsammonds8o@tinypic.com,Male,234.121.153.243
314,Bennie,Bernakiewicz,bbernakiewicz8p@ebay.com,Male,32.85.171.93
315,Thurstan,Hampstead,thampstead8q@bigcartel.com,Male,50.19.29.227
316,Lorain,Fantonetti,lfantonetti8r@yolasite.com,Female,192.56.244.98
317,Woodie,Smullin,wsmullin8s@businesswire.com,Male,39.21.188.213
318,Humfrey,Doy,hdoy8t@people.com.cn,Male,186.145.74.223
319,Hodge,Hender,hhender8u@aol.com,Male,254.109.231.110
320,Brade,Laughlan,blaughlan8v@myspace.com,Male,146.126.189.203
321,Yard,Echalier,yechalier8w@engadget.com,Male,116.21.188.229
322,Lynnea,Philipps,lphilipps8x@pcworld.com,Female,225.85.192.216
323,Had,Phelps,hphelps8y@redcross.org,Male,55.150.105.197
324,Rodina,Filippone,rfilippone8z@free.fr,Female,244.105.7.116
325,Corilla,Birrel,cbirrel90@mac.com,Female,155.102.191.67
326,Selby,de Najera,sdenajera91@stumbleupon.com,Male,36.59.215.91
327,Matthus,Woolcocks,mwoolcocks92@photobucket.com,Male,44.8.220.33
328,Gates,Martensen,gmartensen93@dropbox.com,Female,154.98.111.190
329,Baxie,Plesing,bplesing94@harvard.edu,Male,136.78.28.25
330,Viola,de Chastelain,vdechastelain95@digg.com,Female,43.99.143.208
331,Kimball,O'Dyvoie,kodyvoie96@theglobeandmail.com,Non-binary,171.241.226.13
332,Chas,Lippini,clippini97@histats.com,Male,5.105.255.83
333,Tannie,Harower,tharower98@reuters.com,Male,24.227.86.80
334,Enrika,Devonport,edevonport99@admin.ch,Female,225.142.45.147
335,Maryellen,Wones,mwones9a@wp.com,Genderqueer,61.32.27.167
336,Raphael,Garvagh,rgarvagh9b@ning.com,Male,241.51.26.127
337,Fidela,Weeke,fweeke9c@cisco.com,Female,240.181.74.238
338,Iorgos,Dauby,idauby9d@earthlink.net,Male,139.72.77.219
339,Ali,Janoch,ajanoch9e@hibu.com,Male,21.102.240.144
340,Gherardo,Wrightson,gwrightson9f@newsvine.com,Male,218.8.189.124
341,Ellis,Wickie,ewickie9g@newyorker.com,Male,63.2.122.233
342,Hortense,Dalyiel,hdalyiel9h@netscape.com,Female,125.193.207.177
343,Bo,Hawney,bhawney9i@acquirethisname.com,Male,224.47.108.160
344,Dominica,Shanklin,dshanklin9j@loc.gov,Bigender,25.76.63.240
345,Matelda,Yaknov,myaknov9k@theatlantic.com,Female,152.185.7.53
346,Celestina,Luffman,cluffman9l@google.fr,Female,75.228.101.38
347,Erny,Vogt,evogt9m@privacy.gov.au,Male,82.34.91.144
348,Lotty,Haryngton,lharyngton9n@booking.com,Female,125.28.29.157
349,Lee,Lacy,llacy9o@cbc.ca,Genderfluid,202.20.200.126
350,Sydel,Hollingsby,shollingsby9p@sina.com.cn,Genderfluid,77.143.56.59
351,Denney,Challicombe,dchallicombe9q@discovery.com,Male,92.221.15.247
352,Cari,Brason,cbrason9r@ocn.ne.jp,Genderqueer,208.73.217.65
353,Tucky,Santore,tsantore9s@addthis.com,Male,23.219.247.220
354,Ky,Sextie,ksextie9t@weebly.com,Male,124.98.19.68
355,Robb,Hurdedge,rhurdedge9u@ovh.net,Male,36.11.34.211
356,Loutitia,Lassells,llassells9v@moonfruit.com,Female,221.29.129.195
357,Seline,Soall,ssoall9w@canalblog.com,Female,24.173.110.144
358,Napoleon,Lysaght,nlysaght9x@ted.com,Male,79.8.147.182
359,Gusti,Staining,gstaining9y@cisco.com,Female,251.229.129.142
360,Lorne,Szantho,lszantho9z@reverbnation.com,Female,169.172.87.90
361,Thomasine,Aslet,tasleta0@cocolog-nifty.com,Female,223.184.19.198
362,Kathe,Stotherfield,kstotherfielda1@google.pl,Female,216.180.199.66
363,Alina,Bidmead,abidmeada2@altervista.org,Agender,127.36.152.114
364,Blake,Corroyer,bcorroyera3@addthis.com,Female,183.225.100.214
365,Frederica,Philipart,fphiliparta4@scientificamerican.com,Female,168.135.81.178
366,Bernadette,Urlich,burlicha5@4shared.com,Female,103.100.180.25
367,Kahaleel,Beves,kbevesa6@chicagotribune.com,Male,116.78.158.104
368,Hilton,Arundel,harundela7@comcast.net,Male,188.217.168.203
369,Brok,Cleyne,bcleynea8@washingtonpost.com,Male,103.115.2.198
370,Hendrik,Eckly,hecklya9@multiply.com,Male,19.188.167.39
371,Belvia,Danielsen,bdanielsenaa@webs.com,Female,231.98.60.236
372,Susi,Roper,sroperab@smugmug.com,Female,161.185.71.246
373,Deina,Barnett,dbarnettac@cam.ac.uk,Female,178.109.98.119
374,Merv,Isworth,misworthad@vimeo.com,Male,242.236.190.177
375,Hettie,Copper,hcopperae@mysql.com,Polygender,78.84.236.85
376,Jard,Rzehorz,jrzehorzaf@nbcnews.com,Agender,89.51.67.23
377,Jeremiah,Charlo,jcharloag@ted.com,Agender,121.233.123.74
378,Con,Benck,cbenckah@jigsy.com,Male,213.67.169.20
379,Tedie,Okenfold,tokenfoldai@altervista.org,Male,31.195.22.148
380,Welby,Meanwell,wmeanwellaj@spiegel.de,Male,59.197.236.75
381,Papagena,Flohard,pflohardak@ovh.net,Female,3.146.60.15
382,Jillene,Leeburn,jleeburnal@aol.com,Female,105.114.26.97
383,Corbie,Abella,cabellaam@cisco.com,Male,55.191.24.3
384,Bond,Pietesch,bpieteschan@indiatimes.com,Male,203.107.234.152
385,Kaitlin,Bedwell,kbedwellao@gnu.org,Female,16.80.198.24
386,Chet,Ivamy,civamyap@freewebs.com,Male,98.224.213.179
387,Cyrille,Molan,cmolanaq@weibo.com,Polygender,121.224.78.204
388,Pansy,Miquelet,pmiqueletar@wp.com,Female,81.26.22.233
389,Fidel,Benham,fbenhamas@godaddy.com,Male,34.43.167.218
390,Gardener,Kensett,gkensettat@quantcast.com,Male,141.122.131.243
391,Bordy,Foad,bfoadau@hud.gov,Male,198.93.204.109
392,Ives,Stenton,istentonav@europa.eu,Male,200.71.100.240
393,Betsey,Morrilly,bmorrillyaw@cnn.com,Female,224.96.179.192
394,Paten,China,pchinaax@washingtonpost.com,Male,244.171.231.197
395,Judas,Pray,jprayay@arizona.edu,Male,215.99.212.88
396,Maisey,Brannon,mbrannonaz@kickstarter.com,Female,187.224.184.166
397,Gretal,Shillaber,gshillaberb0@epa.gov,Female,209.43.97.51
398,Yance,Gibbieson,ygibbiesonb1@netlog.com,Male,245.213.79.183
399,Genvieve,Nowak,gnowakb2@columbia.edu,Female,29.153.15.48
400,Dorris,Stickler,dsticklerb3@mozilla.org,Female,179.90.222.35
401,Gwyneth,Diamant,gdiamantb4@surveymonkey.com,Female,41.209.134.88
402,Waylin,Longley,wlongleyb5@unicef.org,Male,229.2.203.100
403,Cornelius,Hogbourne,chogbourneb6@psu.edu,Male,161.182.161.67
404,Kim,Bromehead,kbromeheadb7@ning.com,Agender,20.226.230.120
405,Willard,Godber,wgodberb8@rambler.ru,Male,182.114.123.49
406,Paul,O'Hanley,pohanleyb9@webnode.com,Male,79.148.47.20
407,Anissa,Stollwerck,astollwerckba@blinklist.com,Female,8.225.75.27
408,Tobiah,Dietsche,tdietschebb@squidoo.com,Male,91.58.251.198
409,Rees,Dunsmuir,rdunsmuirbc@cisco.com,Male,149.62.13.175
410,Felecia,Kretchmer,fkretchmerbd@chicagotribune.com,Female,149.176.79.254
411,Flora,Kippling,fkipplingbe@huffingtonpost.com,Female,27.234.29.86
412,Jaclyn,Dinnies,jdinniesbf@hexun.com,Female,160.202.149.210
413,Prent,Rathe,prathebg@smh.com.au,Male,110.92.73.90
414,Carla,Kenderdine,ckenderdinebh@uol.com.br,Female,29.79.8.42
415,Davine,Beningfield,dbeningfieldbi@51.la,Female,150.112.224.191
416,Erastus,O'Hanley,eohanleybj@imdb.com,Male,144.195.100.88
417,Joyce,Simm,jsimmbk@moonfruit.com,Female,252.183.202.171
418,Jane,Adao,jadaobl@reference.com,Female,31.177.182.83
419,Bale,Sinnie,bsinniebm@admin.ch,Male,223.115.220.67
420,Bambi,Mellhuish,bmellhuishbn@homestead.com,Female,58.199.216.237
421,Silvanus,Duerdin,sduerdinbo@samsung.com,Non-binary,113.113.135.244
422,Jo ann,Little,jlittlebp@slashdot.org,Female,59.231.200.162
423,Gan,Marmon,gmarmonbq@walmart.com,Male,150.150.249.94
424,Enriqueta,Colthurst,ecolthurstbr@ft.com,Genderfluid,37.189.157.69
425,Thaxter,Danbrook,tdanbrookbs@thetimes.co.uk,Male,153.60.87.117
426,George,Gallacher,ggallacherbt@wiley.com,Female,53.138.217.152
427,Cam,Ibbs,cibbsbu@unblog.fr,Agender,243.218.44.229
428,Dallas,Tinsey,dtinseybv@list-manage.com,Male,252.249.254.251
429,Silas,Barkes,sbarkesbw@cdc.gov,Male,54.129.190.144
430,Cort,Letford,cletfordbx@toplist.cz,Male,71.203.112.27
431,Kiel,Work,kworkby@artisteer.com,Male,242.255.18.134
432,Korie,Hollyer,khollyerbz@sun.com,Genderqueer,215.99.67.23
433,Karlens,McGinnis,kmcginnisc0@webeden.co.uk,Male,126.186.2.109
434,Farica,Breeze,fbreezec1@myspace.com,Female,144.93.29.254
435,Carley,Randell,crandellc2@w3.org,Female,240.142.116.57
436,Engelbert,Schohier,eschohierc3@washingtonpost.com,Male,145.236.121.120
437,Washington,McGeoch,wmcgeochc4@who.int,Polygender,235.34.21.23
438,Quincey,Culross,qculrossc5@taobao.com,Male,159.146.26.179
439,Nita,Elvin,nelvinc6@github.io,Female,215.160.253.193
440,Addi,Riddel,ariddelc7@uiuc.edu,Female,137.218.167.17
441,Ellis,Bend,ebendc8@gravatar.com,Male,60.157.50.198
442,Arvin,Bulfield,abulfieldc9@miitbeian.gov.cn,Non-binary,193.62.28.31
443,Thalia,Partington,tpartingtonca@mlb.com,Female,116.204.206.143
444,Pauly,Fellgett,pfellgettcb@scribd.com,Male,197.190.41.164
445,Arnold,Ethington,aethingtoncc@spotify.com,Male,146.188.39.88
446,Ansel,Henlon,ahenloncd@baidu.com,Male,130.191.96.18
447,Cris,de Clerq,cdeclerqce@gov.uk,Male,233.202.162.45
448,Corilla,Tolley,ctolleycf@narod.ru,Female,133.175.29.40
449,Rea,Betser,rbetsercg@hibu.com,Female,228.138.164.214
450,Farrell,Silversmidt,fsilversmidtch@sourceforge.net,Male,138.35.158.247
451,Karlotte,Sikorski,ksikorskici@ebay.com,Female,39.194.75.225
452,Tan,Jouandet,tjouandetcj@histats.com,Male,87.231.202.32
453,Towny,Hannigan,thanniganck@washingtonpost.com,Male,19.231.180.11
454,Brig,Lamyman,blamymancl@indiegogo.com,Male,93.102.133.254
455,Kara,Van Der Hoog,kvanderhoogcm@newsvine.com,Female,174.115.140.234
456,Erhard,Colson,ecolsoncn@furl.net,Male,136.124.74.223
457,Brocky,O'Dowling,bodowlingco@ezinearticles.com,Male,72.231.226.28
458,Sena,Whistan,swhistancp@shinystat.com,Female,196.70.21.41
459,Hermione,Spellar,hspellarcq@shinystat.com,Bigender,147.213.207.94
460,Alexis,Spuffard,aspuffardcr@mayoclinic.com,Female,95.205.25.146
461,Florence,Sangster,fsangstercs@discovery.com,Female,249.9.155.1
462,Rice,Everit,reveritct@dailymotion.com,Male,214.88.190.32
463,Grantley,Togwell,gtogwellcu@aboutads.info,Male,81.192.36.251
464,Issi,Viles,ivilescv@china.com.cn,Female,103.83.79.124
465,Joyous,Tetther,jtetthercw@virginia.edu,Non-binary,101.83.177.66
466,Alice,Rugge,aruggecx@businesswire.com,Female,143.105.216.243
467,Courtnay,Crossdale,ccrossdalecy@twitpic.com,Female,98.253.115.144
468,Matias,Izzard,mizzardcz@guardian.co.uk,Male,107.201.198.219
469,Patin,Vaud,pvaudd0@acquirethisname.com,Male,5.133.10.53
470,Dall,Howsden,dhowsdend1@bing.com,Male,122.132.95.117
471,Erie,Reinmar,ereinmard2@google.co.jp,Male,113.69.158.64
472,Ursala,Mish,umishd3@cdbaby.com,Female,24.77.97.52
473,Reube,Croisdall,rcroisdalld4@ameblo.jp,Male,177.220.133.143
474,Nerita,Layhe,nlayhed5@usatoday.com,Female,42.37.109.164
475,Gabby,Isgar,gisgard6@google.cn,Male,197.148.213.39
476,Von,Conford,vconfordd7@mlb.com,Male,9.75.188.149
477,Sansone,Whisson,swhissond8@aol.com,Male,254.168.95.200
478,Ophelia,Anslow,oanslowd9@chicagotribune.com,Female,255.173.136.78
479,Geordie,Cuttler,gcuttlerda@comsenz.com,Male,186.67.234.211
480,Lamond,Erickssen,lerickssendb@stanford.edu,Male,89.174.250.204
481,Meridel,Aylward,maylwarddc@house.gov,Female,187.47.122.103
482,Rand,Offell,roffelldd@comsenz.com,Male,77.43.189.90
483,Theadora,Roadnight,troadnightde@soup.io,Female,250.74.131.120
484,Nettle,Healings,nhealingsdf@digg.com,Female,31.151.255.10
485,Lawton,Cridlin,lcridlindg@yahoo.co.jp,Male,46.228.174.68
486,Augy,Torry,atorrydh@newyorker.com,Male,38.48.218.151
487,Diana,Duggleby,ddugglebydi@jiathis.com,Female,215.214.248.106
488,Rodolph,Archbell,rarchbelldj@shareasale.com,Male,64.133.110.171
489,Adan,Hardinge,ahardingedk@netscape.com,Male,136.64.200.38
490,Delano,Wickardt,dwickardtdl@nps.gov,Male,91.26.242.82
491,Berna,Vasyutin,bvasyutindm@virginia.edu,Female,93.147.235.143
492,Fanni,Fries,ffriesdn@imdb.com,Female,250.218.143.192
493,Morry,Corcut,mcorcutdo@squidoo.com,Male,115.96.239.200
494,Sayer,Keable,skeabledp@mtv.com,Male,3.147.136.131
495,Salmon,Skuse,sskusedq@unblog.fr,Male,217.175.180.174
496,Rhona,Stoner,rstonerdr@hexun.com,Female,50.79.54.60
497,Shannan,Cowdry,scowdryds@usnews.com,Male,27.167.128.50
498,Veronike,Wyllie,vwylliedt@cbc.ca,Female,10.67.30.153
499,Yale,Lillistone,ylillistonedu@sciencedirect.com,Male,8.13.131.230
500,Bud,Veracruysse,bveracruyssedv@google.com.au,Male,20.190.2.75
501,Ashlan,Emmison,aemmisondw@pinterest.com,Female,65.148.254.104
502,Cristen,Nanson,cnansondx@patch.com,Female,193.160.66.43
503,Aura,Bowhey,abowheydy@nationalgeographic.com,Female,58.212.101.79
504,Kurt,Sprules,ksprulesdz@barnesandnoble.com,Male,158.215.242.173
505,Gabby,Longstaff,glongstaffe0@fc2.com,Male,147.10.210.30
506,Wes,Cridlin,wcridline1@surveymonkey.com,Male,177.192.191.130
507,Sella,Cramp,scrampe2@washington.edu,Female,142.48.248.25
508,Michele,Blues,mbluese3@nydailynews.com,Female,83.38.224.87
509,Bowie,Huortic,bhuortice4@exblog.jp,Genderqueer,241.198.231.220
510,Muire,Passby,mpassbye5@miibeian.gov.cn,Agender,205.72.66.238
511,Adrien,Saleway,asalewaye6@wordpress.com,Male,115.99.128.67
512,Caryn,Radleigh,cradleighe7@washingtonpost.com,Female,166.27.46.218
513,Merilee,Extill,mextille8@barnesandnoble.com,Female,118.109.69.31
514,Garland,Boxill,gboxille9@biglobe.ne.jp,Female,35.223.202.185
515,Les,Yerborn,lyerbornea@google.com.br,Male,27.89.204.202
516,Ludovika,Curson,lcursoneb@opera.com,Female,113.169.178.148
517,Nanete,Fish,nfishec@state.gov,Female,43.147.107.236
518,Zelig,Cuckson,zcucksoned@businessinsider.com,Male,129.82.197.104
519,Robby,Botright,rbotrightee@wiley.com,Female,171.77.75.235
520,Wat,Figure,wfigureef@sfgate.com,Male,131.56.82.245
521,Ikey,Beal,ibealeg@miitbeian.gov.cn,Male,21.61.20.224
522,Charmian,Gieraths,cgierathseh@ebay.co.uk,Female,31.189.218.101
523,Walker,Borrie,wborrieei@desdev.cn,Male,59.66.4.125
524,Silvia,Barok,sbarokej@ca.gov,Female,99.4.153.252
525,Lutero,Bereford,lberefordek@uol.com.br,Male,118.22.83.3
526,Jeromy,Cranstone,jcranstoneel@paypal.com,Male,239.118.251.131
527,Kelcey,Spencley,kspencleyem@europa.eu,Female,82.72.165.144
528,Maryl,Domenget,mdomengeten@51.la,Female,89.96.96.111
529,Donnell,Miller,dmillereo@hc360.com,Male,89.164.44.10
530,Rochette,Cossom,rcossomep@bravesites.com,Female,82.170.209.152
531,Aubine,Hamflett,ahamfletteq@weather.com,Female,189.184.23.148
532,Eleen,Patmore,epatmoreer@free.fr,Genderqueer,143.221.181.138
533,Evie,Hayfield,ehayfieldes@foxnews.com,Genderfluid,108.79.118.18
534,Elset,Lepoidevin,elepoidevinet@weebly.com,Female,61.79.32.181
535,Shepperd,Sydes,ssydeseu@ovh.net,Male,53.186.82.38
536,Tory,Thursby,tthursbyev@yolasite.com,Female,164.198.56.79
537,Quinn,Eisak,qeisakew@lycos.com,Male,230.1.65.110
538,Barr,Killby,bkillbyex@furl.net,Genderqueer,31.249.244.39
539,Roy,Mantione,rmantioneey@csmonitor.com,Male,233.192.28.72
540,Sonnie,Milmoe,smilmoeez@tinypic.com,Male,55.133.239.198
541,Jessie,Sagg,jsaggf0@europa.eu,Male,26.224.84.81
542,Laure,Spinas,lspinasf1@slashdot.org,Female,28.99.7.87
543,Tracie,Hellard,thellardf2@howstuffworks.com,Male,202.61.27.224
544,Kare,Dyte,kdytef3@livejournal.com,Female,146.176.32.52
545,Tomas,Mickleburgh,tmickleburghf4@disqus.com,Male,5.56.96.81
546,Ianthe,Presland,ipreslandf5@weibo.com,Female,141.72.24.74
547,Syman,Chastand,schastandf6@pagesperso-orange.fr,Male,222.215.115.83
548,Ferdie,Roarty,froartyf7@amazon.de,Polygender,1.88.168.72
549,Eleonore,Sayton,esaytonf8@1688.com,Female,18.122.129.62
550,Christean,Durtnell,cdurtnellf9@va.gov,Female,12.99.199.82
551,Naomi,Twidle,ntwidlefa@zdnet.com,Female,127.124.98.190
552,Iver,Leitch,ileitchfb@freewebs.com,Male,2.13.43.47
553,Lesley,Casillis,lcasillisfc@networkadvertising.org,Female,16.24.241.139
554,Essa,Kewley,ekewleyfd@yelp.com,Female,98.91.156.58
555,Zuzana,Firmin,zfirminfe@webmd.com,Female,64.73.248.73
556,Florance,Ralphs,fralphsff@google.nl,Female,128.143.59.119
557,Rowen,Betteson,rbettesonfg@rediff.com,Male,200.162.222.23
558,Tana,Pavey,tpaveyfh@ft.com,Agender,80.48.231.151
559,Leila,Deboy,ldeboyfi@blogtalkradio.com,Female,110.174.54.23
560,Caldwell,Applegate,capplegatefj@flickr.com,Male,234.222.89.77
561,Cori,Lundie,clundiefk@gravatar.com,Male,229.204.134.142
562,Liza,Trembath,ltrembathfl@webnode.com,Female,240.31.184.244
563,Bil,de Clercq,bdeclercqfm@google.com.hk,Male,130.138.252.55
564,Roxana,O'Kuddyhy,rokuddyhyfn@home.pl,Agender,72.252.154.205
565,Chick,Wagstaff,cwagstafffo@google.com,Male,85.116.29.66
566,Abagail,Taig,ataigfp@archive.org,Female,158.31.142.222
567,Kandace,Benediktovich,kbenediktovichfq@twitpic.com,Female,53.222.160.250
568,Elspeth,Wilber,ewilberfr@thetimes.co.uk,Female,215.223.154.138
569,Abie,Basham,abashamfs@slideshare.net,Male,176.67.109.92
570,Karen,Letham,klethamft@hostgator.com,Female,77.131.228.166
571,Gaylor,Sutheran,gsutheranfu@netscape.com,Male,104.7.165.185
572,Cathee,Antonescu,cantonescufv@newyorker.com,Female,0.178.165.93
573,Nicko,Smidmore,nsmidmorefw@weather.com,Genderqueer,50.227.30.219
574,Rosalyn,Glazzard,rglazzardfx@lycos.com,Female,117.154.225.135
575,Karlie,Benois,kbenoisfy@omniture.com,Female,101.23.80.18
576,Doro,Filippone,dfilipponefz@cargocollective.com,Non-binary,108.16.239.225
577,Fredric,Spraberry,fspraberryg0@myspace.com,Bigender,94.226.126.95
578,Trevor,Quinnelly,tquinnellyg1@storify.com,Male,70.27.154.242
579,Rowena,McNiven,rmcniveng2@google.it,Female,127.96.60.39
580,Gorden,Dinsell,gdinsellg3@npr.org,Male,75.31.75.147
581,Paolo,Doumerc,pdoumercg4@jalbum.net,Male,108.41.64.5
582,Ambrose,Subhan,asubhang5@patch.com,Male,47.78.217.234
583,Ilyssa,Spradbery,ispradberyg6@chron.com,Agender,147.181.171.216
584,Allistir,Beaglehole,abeagleholeg7@oakley.com,Male,83.50.149.77
585,Trista,Noe,tnoeg8@bbb.org,Female,165.15.188.117
586,Leonanie,Hagerty,lhagertyg9@people.com.cn,Female,45.177.143.118
587,Veriee,Casebourne,vcasebournega@dedecms.com,Female,113.109.103.126
588,Nicolina,McPeck,nmcpeckgb@histats.com,Female,57.137.8.40
589,Tildi,MacCague,tmaccaguegc@sfgate.com,Female,104.159.132.211
590,Cara,Gossipin,cgossipingd@bluehost.com,Female,239.126.229.196
591,Abbye,Spinola,aspinolage@furl.net,Female,236.171.250.250
592,Lenora,Greenalf,lgreenalfgf@state.gov,Female,132.106.136.60
593,Shannen,Totton,stottongg@ox.ac.uk,Female,58.16.95.148
594,Christan,Devers,cdeversgh@imdb.com,Female,137.115.67.40
595,Debbi,Tysack,dtysackgi@stanford.edu,Female,200.211.45.52
596,Quintana,Tennewell,qtennewellgj@skyrock.com,Female,210.200.230.15
597,Gardiner,Culross,gculrossgk@statcounter.com,Male,128.75.113.60
598,Carolyn,Garrold,cgarroldgl@noaa.gov,Female,161.115.186.51
599,Gav,Tarbin,gtarbingm@statcounter.com,Polygender,151.76.68.186
600,Desmond,Renals,drenalsgn@rakuten.co.jp,Male,152.140.160.47
601,Irwinn,Clare,iclarego@bloglovin.com,Bigender,210.159.74.155
602,Lisbeth,Vivers,lviversgp@tiny.cc,Female,48.173.208.127
603,Ruby,Ahern,raherngq@123-reg.co.uk,Female,93.12.76.174
604,Amos,Ivushkin,aivushkingr@usa.gov,Male,16.40.218.70
605,Kara,Westmacott,kwestmacottgs@examiner.com,Female,69.54.123.192
606,Wayne,Reddings,wreddingsgt@ovh.net,Male,240.73.58.201
607,Celinka,Ellif,cellifgu@state.tx.us,Female,212.224.175.175
608,Leslie,Mantripp,lmantrippgv@gravatar.com,Female,64.9.5.18
609,Giulia,Parkhouse,gparkhousegw@microsoft.com,Female,63.194.102.210
610,Crista,Ciciari,cciciarigx@samsung.com,Female,120.246.2.217
611,Torin,Vedenyakin,tvedenyakingy@nhs.uk,Male,3.56.136.198
612,Caty,Gravell,cgravellgz@fotki.com,Genderqueer,213.155.189.22
613,Goddard,Plampeyn,gplampeynh0@jigsy.com,Male,129.224.36.103
614,Kelcy,Foy,kfoyh1@deliciousdays.com,Female,198.139.85.244
615,Lenka,Bodesson,lbodessonh2@yahoo.co.jp,Agender,59.217.21.145
616,Marris,Langmuir,mlangmuirh3@nydailynews.com,Female,147.90.169.59
617,Joscelin,Endrici,jendricih4@chicagotribune.com,Female,50.240.16.247
618,Sorcha,Korejs,skorejsh5@examiner.com,Female,51.139.114.93
619,Eddy,Dryden,edrydenh6@prnewswire.com,Female,150.129.19.243
620,Robinetta,Mechic,rmechich7@moonfruit.com,Genderfluid,118.137.230.169
621,Marrilee,Fathers,mfathersh8@europa.eu,Female,107.52.81.86
622,Sibeal,Jordanson,sjordansonh9@scribd.com,Female,17.108.44.21
623,Harald,Brimelow,hbrimelowha@slideshare.net,Male,44.140.206.46
624,Clea,Dumbarton,cdumbartonhb@jiathis.com,Female,239.215.17.254
625,Bobbie,Deignan,bdeignanhc@i2i.jp,Female,213.147.5.0
626,Gillie,Marflitt,gmarflitthd@acquirethisname.com,Female,35.197.251.204
627,Guglielmo,Dodd,gdoddhe@biglobe.ne.jp,Male,18.83.26.23
628,Jade,Leverage,jleveragehf@ustream.tv,Female,39.220.187.64
629,Allyn,Luxton,aluxtonhg@cdc.gov,Female,37.126.232.199
630,Asia,Gorusso,agorussohh@dell.com,Female,69.177.169.222
631,Gina,Mitchelhill,gmitchelhillhi@ifeng.com,Female,60.72.96.223
632,Yankee,Georgeou,ygeorgeouhj@spiegel.de,Male,163.148.237.122
633,Wade,Borth,wborthhk@foxnews.com,Male,128.169.221.68
634,Stoddard,Grunder,sgrunderhl@ibm.com,Female,31.155.54.61
635,Sunshine,Arling,sarlinghm@a8.net,Female,172.59.12.142
636,Zacharie,Faithorn,zfaithornhn@elpais.com,Male,161.126.209.255
637,Maryl,Risman,mrismanho@mit.edu,Female,176.148.150.228
638,Dody,Hallock,dhallockhp@ow.ly,Female,187.180.102.2
639,Jen,Orto,jortohq@pcworld.com,Female,38.232.190.151
640,Rea,Low,rlowhr@wiley.com,Female,83.32.114.236
641,Erastus,Cubbit,ecubbiths@uol.com.br,Male,158.38.33.240
642,Dionysus,Safhill,dsafhillht@nydailynews.com,Male,40.58.185.36
643,Meagan,Whorlton,mwhorltonhu@microsoft.com,Female,128.255.30.242
644,Iorgo,Locker,ilockerhv@harvard.edu,Male,50.133.96.39
645,Blayne,Ingerfield,bingerfieldhw@walmart.com,Male,254.184.76.164
646,Kikelia,Dredge,kdredgehx@ca.gov,Female,17.56.208.246
647,Faye,Murison,fmurisonhy@youtu.be,Female,38.131.251.53
648,Tallia,Inchan,tinchanhz@blogger.com,Female,60.224.94.99
649,Ettore,Ivanets,eivanetsi0@hc360.com,Male,94.174.68.100
650,Giff,Boole,gboolei1@istockphoto.com,Male,50.236.95.115
651,Jesse,Rubbens,jrubbensi2@bing.com,Male,197.109.12.131
652,Bianca,Dominichelli,bdominichellii3@goo.ne.jp,Female,230.57.95.222
653,Vilma,Purdom,vpurdomi4@hp.com,Female,101.97.102.14
654,Asa,Vizard,avizardi5@unblog.fr,Male,141.140.73.243
655,Saunders,Feasley,sfeasleyi6@51.la,Male,24.169.86.229
656,Dusty,Tockell,dtockelli7@360.cn,Female,8.145.97.86
657,Cordelia,Brands,cbrandsi8@wikispaces.com,Female,112.55.13.199
658,Aliza,Shimuk,ashimuki9@digg.com,Female,246.234.22.77
659,Dulcine,Winslet,dwinsletia@about.com,Female,50.165.99.200
660,Ab,Conrath,aconrathib@macromedia.com,Non-binary,34.100.59.40
661,Parrnell,Blowne,pblowneic@cbslocal.com,Male,161.133.20.8
662,Marissa,Howett,mhowettid@nytimes.com,Female,131.156.80.221
663,Owen,Sweetman,osweetmanie@columbia.edu,Male,253.69.189.251
664,Ranice,Elcombe,relcombeif@google.de,Female,203.65.97.201
665,Gracie,Moors,gmoorsig@tinyurl.com,Genderfluid,238.93.59.47
666,Rosalinda,Oxborrow,roxborrowih@ifeng.com,Genderqueer,157.48.159.160
667,Malia,Nutter,mnutterii@hp.com,Female,98.110.213.122
668,Simone,Vinick,svinickij@sitemeter.com,Male,86.3.132.205
669,Burnaby,Oulet,bouletik@last.fm,Male,82.19.226.220
670,Ivor,Van Leeuwen,ivanleeuwenil@hud.gov,Male,111.105.255.124
671,Jeff,Pohls,jpohlsim@who.int,Male,215.33.108.243
672,Kayla,Wooding,kwoodingin@arizona.edu,Female,6.124.191.135
673,Francine,Lumber,flumberio@webmd.com,Genderfluid,231.104.71.66
674,Molly,Cosgrove,mcosgroveip@youtube.com,Female,160.38.252.1
675,Dusty,Kilcullen,dkilculleniq@fastcompany.com,Bigender,134.198.197.174
676,Adriane,Postians,apostiansir@huffingtonpost.com,Female,206.138.2.117
677,Merissa,Lilleyman,mlilleymanis@digg.com,Agender,37.114.181.59
678,Care,Readshall,creadshallit@google.ca,Male,45.43.149.44
679,Monah,Forth,mforthiu@parallels.com,Female,198.49.52.241
680,Myer,Pindred,mpindrediv@sciencedirect.com,Male,106.192.33.151
681,Annora,Moffett,amoffettiw@lulu.com,Female,122.19.154.228
682,Ogden,Charters,ochartersix@scribd.com,Male,112.31.179.19
683,Garrett,Raggitt,graggittiy@joomla.org,Male,24.63.248.76
684,Shannah,Klimt,sklimtiz@nps.gov,Female,20.237.246.91
685,Tallulah,Boldison,tboldisonj0@yolasite.com,Female,14.218.158.84
686,Adriena,Maggiore,amaggiorej1@discovery.com,Female,8.113.189.38
687,Allyn,Pantlin,apantlinj2@comcast.net,Male,131.145.237.32
688,Devan,Coffin,dcoffinj3@google.com,Female,161.218.246.217
689,Rawley,Shildrake,rshildrakej4@cdc.gov,Male,55.114.24.87
690,Wilek,Servant,wservantj5@meetup.com,Male,4.37.113.15
691,Margery,Orehead,moreheadj6@tuttocitta.it,Female,241.229.165.208
692,Hunfredo,Tunuy,htunuyj7@ycombinator.com,Male,43.161.58.152
693,Trumaine,Vane,tvanej8@istockphoto.com,Genderqueer,187.46.186.130
694,Nanice,Watson,nwatsonj9@google.com,Female,252.156.241.139
695,Linc,Spridgeon,lspridgeonja@gravatar.com,Male,229.128.99.80
696,Conn,Elloit,celloitjb@cpanel.net,Male,103.254.115.85
697,Hillary,Reynish,hreynishjc@constantcontact.com,Female,209.100.249.138
698,Ollie,Bellin,obellinjd@thetimes.co.uk,Male,134.15.232.232
699,Teddi,Gopsill,tgopsillje@hugedomains.com,Female,226.140.126.16
700,Rowena,Piquard,rpiquardjf@webs.com,Female,149.36.129.36
701,Edouard,Fisk,efiskjg@squarespace.com,Male,71.218.0.0
702,Carlos,Seeger,cseegerjh@time.com,Male,6.77.144.160
703,Steffen,Chaise,schaiseji@ftc.gov,Male,7.94.186.246
704,Dorella,Barbara,dbarbarajj@npr.org,Female,28.222.101.52
705,Pepi,Pagelsen,ppagelsenjk@hubpages.com,Female,188.53.205.158
706,Hadley,Teideman,hteidemanjl@vimeo.com,Male,111.83.143.195
707,Reider,Champness,rchampnessjm@reuters.com,Male,69.244.133.238
708,Eva,Levesley,elevesleyjn@wordpress.org,Female,192.22.167.118
709,Walker,Madner,wmadnerjo@nhs.uk,Male,252.86.82.15
710,Shannan,Pinwill,spinwilljp@cyberchimps.com,Agender,249.238.29.173
711,Mallissa,Ivakin,mivakinjq@rediff.com,Female,150.13.17.128
712,Jase,Pleuman,jpleumanjr@skype.com,Male,146.4.151.36
713,Kira,Collie,kcolliejs@accuweather.com,Female,204.177.92.118
714,Portie,Bastow,pbastowjt@nifty.com,Male,232.88.58.102
715,Phip,Boutton,pbouttonju@reddit.com,Male,131.13.233.199
716,Barbara-anne,Orlton,borltonjv@china.com.cn,Female,68.183.224.13
717,De witt,Curteis,dcurteisjw@elegantthemes.com,Male,145.113.148.167
718,Nefen,Dalli,ndallijx@booking.com,Male,213.131.168.167
719,Dale,Mews,dmewsjy@slashdot.org,Male,100.49.86.161
720,Ruggiero,Avory,ravoryjz@dedecms.com,Male,109.73.196.176
721,Shep,Wallege,swallegek0@wordpress.org,Male,112.136.242.71
722,Juan,Dillinton,jdillintonk1@slashdot.org,Male,213.125.205.234
723,Gretna,Chidley,gchidleyk2@usa.gov,Female,136.158.78.36
724,Mireielle,Oxlee,moxleek3@ca.gov,Female,196.117.219.28
725,Thebault,Daymont,tdaymontk4@mail.ru,Male,65.112.135.36
726,Siffre,O'Connolly,soconnollyk5@360.cn,Male,78.116.110.164
727,Prentiss,Bayman,pbaymank6@bloglovin.com,Male,24.202.176.193
728,Malchy,Semeradova,msemeradovak7@gov.uk,Male,181.89.165.240
729,Krista,Coakley,kcoakleyk8@comsenz.com,Female,35.170.64.168
730,Juliann,Cammack,jcammackk9@mail.ru,Female,172.35.90.227
731,Estel,Kleeman,ekleemanka@desdev.cn,Female,133.37.42.56
732,Miles,Kurten,mkurtenkb@cloudflare.com,Male,213.14.172.163
733,Eydie,Burbank,eburbankkc@ox.ac.uk,Female,183.8.146.18
734,Shantee,Harrinson,sharrinsonkd@vk.com,Female,8.40.149.20
735,Abrahan,Kochs,akochske@ucoz.ru,Male,191.129.231.142
736,Letitia,Gibbard,lgibbardkf@ox.ac.uk,Female,158.232.42.169
737,Kimmi,Pibworth,kpibworthkg@twitpic.com,Female,28.180.28.239
738,Windy,Riveles,wriveleskh@aboutads.info,Genderqueer,54.178.65.30
739,Annadiana,Platfoot,aplatfootki@wsj.com,Female,141.159.23.234
740,Ardella,Cappleman,acapplemankj@slideshare.net,Female,168.39.193.100
741,Felizio,Palffy,fpalffykk@whitehouse.gov,Male,30.202.209.29
742,Teresina,Ferminger,tfermingerkl@google.de,Female,11.223.249.154
743,Sidonnie,Andrusyak,sandrusyakkm@google.com.br,Female,131.107.253.240
744,Nikki,Minkin,nminkinkn@behance.net,Male,72.2.57.164
745,Ferne,Hamfleet,fhamfleetko@hatena.ne.jp,Female,243.175.63.49
746,Emory,Gilfether,egilfetherkp@wix.com,Non-binary,189.242.152.101
747,Cart,Coltan,ccoltankq@desdev.cn,Male,102.156.139.60
748,Ugo,Geraghty,ugeraghtykr@sphinn.com,Agender,193.9.74.211
749,Nev,Hauxby,nhauxbyks@upenn.edu,Non-binary,86.143.147.45
750,Jean,Georgescu,jgeorgescukt@webs.com,Female,94.179.198.94
751,Abel,Seman,asemanku@google.com,Male,79.72.237.192
752,Henriette,Kenna,hkennakv@ehow.com,Female,65.127.80.47
753,Verney,Eakley,veakleykw@imdb.com,Male,47.30.102.106
754,Selby,Vida,svidakx@oracle.com,Male,227.144.223.173
755,Romonda,Antoniat,rantoniatky@liveinternet.ru,Female,112.43.96.63
756,Katie,Gauthorpp,kgauthorppkz@squidoo.com,Bigender,147.100.58.51
757,Wanids,Eagers,weagersl0@fastcompany.com,Female,86.41.107.136
758,Farand,Dreher,fdreherl1@histats.com,Female,52.24.187.16
759,Felipe,Enticott,fenticottl2@opensource.org,Male,138.108.68.207
760,Esther,Kloster,eklosterl3@cdbaby.com,Female,0.243.103.210
761,Paige,Mulbry,pmulbryl4@newyorker.com,Genderqueer,151.43.181.181
762,Ree,Hague,rhaguel5@sciencedirect.com,Female,96.205.98.14
763,Rozina,Cockshutt,rcockshuttl6@google.co.uk,Female,65.62.83.48
764,Helen-elizabeth,Elgram,helgraml7@netlog.com,Female,138.246.122.234
765,Ezechiel,Tritten,etrittenl8@wikipedia.org,Male,71.118.176.145
766,Nickie,Paulisch,npaulischl9@furl.net,Genderfluid,112.180.206.220
767,Israel,Van der Kruijs,ivanderkruijsla@usatoday.com,Male,217.251.52.77
768,Skipper,Halwood,shalwoodlb@hhs.gov,Male,199.116.214.174
769,Hollis,Medford,hmedfordlc@sciencedaily.com,Male,163.205.243.239
770,Giraldo,Easthope,geasthopeld@t.co,Male,213.189.248.143
771,Matias,Mayhew,mmayhewle@craigslist.org,Male,54.81.212.13
772,Luce,Hallyburton,lhallyburtonlf@rakuten.co.jp,Male,219.39.232.83
773,Mommy,Rawe,mrawelg@buzzfeed.com,Female,71.233.252.25
774,Carmelina,Batthew,cbatthewlh@vk.com,Female,53.13.43.99
775,Othilie,Ledster,oledsterli@usa.gov,Female,41.52.134.59
776,Karel,Avramow,kavramowlj@youku.com,Female,64.17.7.113
777,Hildegaard,Boxer,hboxerlk@weibo.com,Female,107.23.250.139
778,Kerby,Castangia,kcastangiall@google.ru,Male,87.82.38.100
779,Tadd,Lockett,tlockettlm@unicef.org,Male,223.61.174.160
780,Bartholemy,Brennand,bbrennandln@mail.ru,Male,79.14.4.35
781,Daren,Treamayne,dtreamaynelo@craigslist.org,Male,214.220.72.206
782,Karoly,Del Monte,kdelmontelp@histats.com,Male,37.38.101.37
783,Kincaid,Mousdall,kmousdalllq@a8.net,Male,51.112.12.118
784,Aime,Mattys,amattyslr@amazonaws.com,Female,140.100.45.120
785,Karee,Doyle,kdoylels@simplemachines.org,Female,95.37.107.37
786,Erny,Moral,emorallt@edublogs.org,Genderfluid,177.154.120.152
787,Horatia,Alonso,halonsolu@latimes.com,Female,252.124.14.158
788,Natty,Carlan,ncarlanlv@senate.gov,Male,222.70.251.48
789,Reed,Yerrington,ryerringtonlw@adobe.com,Male,105.85.78.166
790,Meade,Butters,mbutterslx@wikimedia.org,Female,225.141.85.15
791,Lucy,Nicklinson,lnicklinsonly@yolasite.com,Female,232.37.188.196
792,Sonny,McGeady,smcgeadylz@t.co,Male,24.100.134.87
793,Brandice,Whitecross,bwhitecrossm0@mail.ru,Bigender,216.64.237.175
794,Bette,Dongles,bdonglesm1@rambler.ru,Female,68.173.1.2
795,Cozmo,Ingrey,cingreym2@lycos.com,Male,121.208.94.128
796,Caesar,Gration,cgrationm3@csmonitor.com,Male,210.0.152.145
797,Zsa zsa,Kobke,zkobkem4@state.gov,Female,169.185.118.186
798,Bernie,Patington,bpatingtonm5@fema.gov,Male,102.67.217.216
799,Hildagarde,Geram,hgeramm6@cisco.com,Female,227.144.176.124
800,Kass,Verralls,kverrallsm7@example.com,Female,112.111.191.33
801,Culver,Lefley,clefleym8@springer.com,Male,233.178.83.101
802,Roderich,Wrathall,rwrathallm9@businessinsider.com,Male,13.30.118.220
803,Wheeler,Netherwood,wnetherwoodma@typepad.com,Non-binary,23.236.186.177
804,Debera,Woollacott,dwoollacottmb@fastcompany.com,Female,76.141.200.110
805,Sutton,Jindra,sjindramc@cbsnews.com,Male,146.125.111.105
806,Lois,Eaklee,leakleemd@cnn.com,Female,182.176.203.195
807,Bordie,Vasser,bvasserme@dagondesign.com,Male,227.85.58.194
808,Elsi,Aldrich,ealdrichmf@chron.com,Female,163.229.217.62
809,Leigh,Chansonne,lchansonnemg@telegraph.co.uk,Female,43.145.137.13
810,Jareb,Puleston,jpulestonmh@discovery.com,Male,247.65.112.149
811,Torre,Moyne,tmoynemi@xrea.com,Male,32.226.231.177
812,Zita,Di Gregorio,zdigregoriomj@pagesperso-orange.fr,Female,21.95.137.133
813,Micheal,Sigars,msigarsmk@cargocollective.com,Male,63.61.183.111
814,Wendeline,Gilardi,wgilardiml@wp.com,Female,4.207.118.246
815,Melisande,Dryburgh,mdryburghmm@livejournal.com,Female,49.161.137.124
816,Reamonn,Audus,raudusmn@amazon.de,Male,101.143.121.109
817,Ophelie,Cruxton,ocruxtonmo@unc.edu,Female,151.92.162.122
818,Scotty,Kebbell,skebbellmp@statcounter.com,Male,112.22.87.237
819,Silvio,Kolodziej,skolodziejmq@rakuten.co.jp,Male,153.24.244.112
820,Kelila,Ouver,kouvermr@umich.edu,Female,193.17.4.140
821,Lian,Gatecliff,lgatecliffms@dyndns.org,Female,244.114.201.64
822,Boniface,Blowfield,bblowfieldmt@cbsnews.com,Male,174.207.159.206
823,Krispin,Bossingham,kbossinghammu@cargocollective.com,Male,197.93.189.78
824,Rolf,Anderson,randersonmv@techcrunch.com,Male,204.167.157.97
825,Gisele,Roullier,groulliermw@netscape.com,Female,146.165.123.58
826,Alphonso,Chalcroft,achalcroftmx@wunderground.com,Male,92.88.210.49
827,Inness,Kamen,ikamenmy@yale.edu,Male,50.127.122.130
828,Eydie,Warre,ewarremz@mapquest.com,Female,137.211.28.219
829,Erma,Garritley,egarritleyn0@smugmug.com,Female,57.29.152.125
830,Warde,Oldcote,woldcoten1@patch.com,Male,68.23.103.108
831,Quintus,Bridgewater,qbridgewatern2@domainmarket.com,Male,50.158.23.197
832,Giraldo,Zeal,gzealn3@skyrock.com,Male,239.205.105.167
833,Brucie,Jeskin,bjeskinn4@comsenz.com,Male,45.154.25.141
834,Benson,Setch,bsetchn5@accuweather.com,Male,111.159.188.101
835,Bonnie,Thiem,bthiemn6@delicious.com,Female,59.68.6.133
836,Carmelle,Goodrick,cgoodrickn7@miitbeian.gov.cn,Female,78.13.199.74
837,Giffie,Richt,grichtn8@eventbrite.com,Male,96.28.37.154
838,Berky,Waterworth,bwaterworthn9@state.tx.us,Male,9.78.242.159
839,Sandye,Covelle,scovellena@usa.gov,Non-binary,122.14.95.108
840,Stesha,Bareford,sbarefordnb@youtu.be,Female,51.163.55.246
841,Hagen,Jallin,hjallinnc@dropbox.com,Male,139.68.41.6
842,Albrecht,Damrell,adamrellnd@microsoft.com,Male,8.209.223.182
843,Cassandra,Irce,circene@hc360.com,Female,201.40.108.117
844,Mickey,Glanton,mglantonnf@biblegateway.com,Male,34.192.66.225
845,Malachi,Aireton,mairetonng@naver.com,Male,72.0.171.165
846,Xavier,Griston,xgristonnh@answers.com,Male,55.223.69.254
847,Corrina,McQuin,cmcquinni@live.com,Female,186.124.68.92
848,Flossi,Frewer,ffrewernj@wikimedia.org,Female,198.195.238.76
849,Rockie,Catterill,rcatterillnk@foxnews.com,Male,226.173.103.80
850,Marlene,Grealish,mgrealishnl@so-net.ne.jp,Female,51.153.2.125
851,Harald,Hubbert,hhubbertnm@sohu.com,Male,186.137.11.127
852,Claretta,Phalip,cphalipnn@so-net.ne.jp,Female,72.180.122.93
853,Gusta,Balderson,gbaldersonno@google.es,Female,240.117.135.237
854,Shadow,Palle,spallenp@cornell.edu,Male,92.94.91.18
855,Ray,Farrance,rfarrancenq@umn.edu,Female,22.232.74.239
856,Wilmette,Natt,wnattnr@illinois.edu,Female,14.69.23.123
857,Zaccaria,Markos,zmarkosns@deliciousdays.com,Male,71.44.34.159
858,Farly,Hulse,fhulsent@acquirethisname.com,Bigender,1.78.66.183
859,Benjamen,McCloughlin,bmccloughlinnu@imageshack.us,Male,59.250.91.237
860,Muriel,Berrigan,mberrigannv@themeforest.net,Female,35.54.55.87
861,Knox,Jakucewicz,kjakucewicznw@pbs.org,Male,142.174.142.191
862,Selby,Durnan,sdurnannx@blinklist.com,Genderqueer,210.53.95.204
863,Wynn,Tibald,wtibaldny@cornell.edu,Non-binary,221.147.20.71
864,Theadora,McTrustey,tmctrusteynz@paginegialle.it,Female,91.125.178.152
865,Ozzy,Cluer,ocluero0@salon.com,Male,222.28.42.64
866,Kameko,Luscott,kluscotto1@comcast.net,Female,146.117.49.153
867,Amory,Borborough,aborborougho2@vk.com,Male,227.188.75.211
868,Quintina,Zuenelli,qzuenellio3@zimbio.com,Female,249.88.70.198
869,Worth,Yuill,wyuillo4@marriott.com,Male,59.37.171.68
870,Rachael,D'Abbot-Doyle,rdabbotdoyleo5@unesco.org,Genderqueer,223.74.254.66
871,Nettle,Cutbirth,ncutbirtho6@flavors.me,Female,30.54.220.86
872,Ariella,Cowern,acowerno7@ask.com,Female,56.45.203.245
873,Nananne,Brunotti,nbrunottio8@linkedin.com,Female,179.44.132.9
874,Giffie,McGruar,gmcgruaro9@ucsd.edu,Male,13.68.185.112
875,Rodrigo,Doonican,rdoonicanoa@answers.com,Male,186.39.179.131
876,Donny,Pundy,dpundyob@soundcloud.com,Male,226.182.211.106
877,Lisbeth,Lace,llaceoc@go.com,Female,144.127.80.64
878,Willdon,Mellmoth,wmellmothod@issuu.com,Male,66.90.0.160
879,Marianne,Wharin,mwharinoe@xrea.com,Female,45.36.46.67
880,Crissy,Ferrer,cferrerof@mozilla.com,Female,56.114.137.107
881,Tristam,Carnie,tcarnieog@ameblo.jp,Male,21.215.2.163
882,Arlen,Riggey,ariggeyoh@naver.com,Female,252.114.12.174
883,Farly,Warcop,fwarcopoi@cnn.com,Male,23.39.162.28
884,Aldric,Piccop,apiccopoj@howstuffworks.com,Male,67.16.204.108
885,Amby,Culbard,aculbardok@simplemachines.org,Male,108.103.169.242
886,Jaimie,Wilbor,jwilborol@i2i.jp,Female,176.64.125.114
887,Daisie,Bensen,dbensenom@infoseek.co.jp,Female,34.159.0.240
888,Corella,Girsch,cgirschon@plala.or.jp,Female,254.181.27.176
889,Morly,Acedo,macedooo@umich.edu,Male,239.194.105.240
890,Reggi,Hidderley,rhidderleyop@cornell.edu,Female,240.202.204.243
891,Julie,Philcock,jphilcockoq@howstuffworks.com,Male,21.115.123.182
892,Jewel,Baunton,jbauntonor@bloglines.com,Female,248.91.157.106
893,Elka,Pennone,epennoneos@state.gov,Female,7.96.161.254
894,Gerti,Colbourne,gcolbourneot@blog.com,Female,37.159.160.218
895,Quincy,Skyppe,qskyppeou@tmall.com,Male,199.146.2.225
896,Remy,Claypool,rclaypoolov@phpbb.com,Female,136.100.93.109
897,Stirling,Larking,slarkingow@disqus.com,Male,121.245.69.206
898,Brig,O'Carran,bocarranox@timesonline.co.uk,Male,158.180.175.184
899,Jozef,Dradey,jdradeyoy@ow.ly,Male,33.244.79.142
900,Linn,Normand,lnormandoz@constantcontact.com,Female,147.53.158.95
901,Shelagh,Driver,sdriverp0@epa.gov,Female,1.74.79.248
902,Boigie,Fulk,bfulkp1@wufoo.com,Male,192.118.169.77
903,Casandra,Wayon,cwayonp2@altervista.org,Bigender,71.29.131.184
904,Lorinda,Ashford,lashfordp3@histats.com,Bigender,34.175.133.218
905,Maybelle,Witherop,mwitheropp4@xrea.com,Female,186.68.243.72
906,Gare,Jevons,gjevonsp5@wikia.com,Male,250.197.73.194
907,Robbi,Raiment,rraimentp6@unesco.org,Female,242.70.195.143
908,Matt,Griffithe,mgriffithep7@marriott.com,Male,137.90.61.193
909,Terence,Banger,tbangerp8@ow.ly,Male,46.80.124.178
910,Martie,Volk,mvolkp9@disqus.com,Male,210.122.248.221
911,Monika,Husset,mhussetpa@illinois.edu,Female,115.99.153.51
912,Marissa,Fennelow,mfennelowpb@msn.com,Female,196.141.21.74
913,Arni,Raitt,araittpc@wired.com,Male,97.61.22.167
914,Ulberto,Iacomettii,uiacomettiipd@biglobe.ne.jp,Male,130.39.254.124
915,Slade,Le Merchant,slemerchantpe@com.com,Bigender,108.162.141.215
916,Jania,Turnell,jturnellpf@whitehouse.gov,Female,139.171.63.121
917,Reeba,Killwick,rkillwickpg@pbs.org,Female,154.156.46.200
918,Georgie,Keene,gkeeneph@omniture.com,Male,131.115.161.96
919,Nolan,Carabine,ncarabinepi@pen.io,Male,99.80.43.199
920,Smith,Hellyar,shellyarpj@unc.edu,Male,214.7.39.80
921,Sibella,Fetherstan,sfetherstanpk@stumbleupon.com,Female,40.107.71.252
922,Elinor,Claisse,eclaissepl@unicef.org,Female,212.98.97.109
923,Hesther,Quarrie,hquarriepm@wunderground.com,Female,118.34.27.251
924,Billie,Shaylor,bshaylorpn@mozilla.com,Male,37.174.97.101
925,Edsel,Barkly,ebarklypo@wp.com,Male,30.59.81.11
926,Simone,Yurkevich,syurkevichpp@disqus.com,Male,15.104.217.100
927,Ashlan,Casbon,acasbonpq@time.com,Female,239.232.190.186
928,Jaclyn,Nuscha,jnuschapr@marriott.com,Female,118.253.46.158
929,Goldi,Gaffer,ggafferps@infoseek.co.jp,Female,229.57.52.56
930,Kermy,Charlot,kcharlotpt@example.com,Male,37.146.116.49
931,Jenni,Algore,jalgorepu@cbslocal.com,Female,119.68.147.91
932,Malina,Clarae,mclaraepv@msu.edu,Agender,143.190.202.31
933,Vaclav,Waker,vwakerpw@army.mil,Male,242.169.156.0
934,Peirce,Loughead,plougheadpx@surveymonkey.com,Male,179.120.150.27
935,Kelwin,Keeley,kkeeleypy@dmoz.org,Male,158.176.161.190
936,Robinetta,Windybank,rwindybankpz@xrea.com,Female,191.139.109.187
937,Coletta,Vase,cvaseq0@github.io,Genderfluid,139.121.98.252
938,Stesha,Edger,sedgerq1@yahoo.com,Female,135.112.244.102
939,Allan,Jagels,ajagelsq2@amazon.com,Male,80.191.180.172
940,Hort,Eastway,heastwayq3@amazon.de,Male,135.235.158.134
941,Barth,Dewan,bdewanq4@squidoo.com,Male,64.160.14.248
942,Debera,McNicol,dmcnicolq5@liveinternet.ru,Female,66.214.40.237
943,Kelbee,Peacey,kpeaceyq6@arizona.edu,Male,166.232.78.219
944,Alva,Pimlett,apimlettq7@apache.org,Male,163.103.226.112
945,Rourke,Thorley,rthorleyq8@engadget.com,Male,42.12.45.163
946,Harlie,Heinl,hheinlq9@umn.edu,Female,121.43.175.48
947,Jo-anne,Keilloh,jkeillohqa@webmd.com,Female,227.194.30.13
948,Livvyy,Callander,lcallanderqb@gnu.org,Female,231.24.224.200
949,Ronny,Bisset,rbissetqc@nymag.com,Male,14.52.181.234
950,Cari,Greenhalf,cgreenhalfqd@japanpost.jp,Female,77.39.214.44
951,Maudie,Rawstron,mrawstronqe@mtv.com,Female,253.100.130.97
952,Rania,Domico,rdomicoqf@sourceforge.net,Female,182.51.222.30
953,Lyda,McCluin,lmccluinqg@bigcartel.com,Genderqueer,82.36.85.65
954,Lawry,Priden,lpridenqh@twitter.com,Male,164.223.59.141
955,Cart,Harriott,charriottqi@mlb.com,Male,45.215.179.229
956,Nancee,Puttan,nputtanqj@dion.ne.jp,Female,55.137.229.184
957,Chloette,Banbrick,cbanbrickqk@amazon.co.uk,Non-binary,236.142.204.248
958,Niven,Date,ndateql@bing.com,Male,105.159.210.86
959,Elisha,Melson,emelsonqm@yolasite.com,Agender,65.106.89.246
960,Alis,Latour,alatourqn@yellowpages.com,Female,252.172.13.6
961,Alasteir,Joberne,ajoberneqo@tinypic.com,Male,112.92.81.115
962,Maure,Rolinson,mrolinsonqp@tinypic.com,Female,144.41.35.48
963,Brannon,Stroyan,bstroyanqq@blinklist.com,Male,207.209.254.23
964,Miner,Fulle,mfulleqr@cnet.com,Male,200.36.22.71
965,Olga,Ardley,oardleyqs@canalblog.com,Bigender,86.55.0.14
966,Matt,Downes,mdownesqt@earthlink.net,Male,118.50.100.57
967,Britteny,Colvill,bcolvillqu@hhs.gov,Non-binary,132.140.109.203
968,Marina,Speer,mspeerqv@imdb.com,Female,201.39.35.33
969,Louis,Cail,lcailqw@prlog.org,Male,208.91.179.187
970,Addy,Stienham,astienhamqx@europa.eu,Male,55.234.8.218
971,Giulio,Krier,gkrierqy@theatlantic.com,Male,188.101.108.226
972,Grady,Rookes,grookesqz@digg.com,Male,5.13.120.254
973,Aubrette,Talboy,atalboyr0@google.ca,Female,149.8.70.238
974,Reider,Manton,rmantonr1@china.com.cn,Male,215.10.134.250
975,Jerrilyn,Lawrinson,jlawrinsonr2@hhs.gov,Female,12.183.220.197
976,Misha,Haylock,mhaylockr3@vkontakte.ru,Female,66.219.18.34
977,Roscoe,Mollin,rmollinr4@google.com.au,Male,53.113.24.38
978,Talbert,Rambadt,trambadtr5@bloglovin.com,Genderfluid,111.91.80.145
979,Burgess,Lepard,blepardr6@spotify.com,Male,130.37.148.60
980,Jae,Ashplant,jashplantr7@dagondesign.com,Bigender,88.111.56.78
981,Susanne,Balnaves,sbalnavesr8@dot.gov,Female,236.87.218.37
982,Clay,Benedite,cbenediter9@jigsy.com,Male,93.7.9.29
983,Karilynn,Tregust,ktregustra@stanford.edu,Female,216.241.209.118
984,Wendel,Sibbons,wsibbonsrb@blinklist.com,Male,198.46.130.143
985,Crissie,Varnals,cvarnalsrc@sitemeter.com,Female,146.255.150.12
986,Gib,De Meis,gdemeisrd@prnewswire.com,Male,250.124.247.65
987,Timothy,Furlonge,tfurlongere@example.com,Male,76.233.58.56
988,Margarethe,Kinkaid,mkinkaidrf@sbwire.com,Female,163.2.195.0
989,Maddalena,Crowley,mcrowleyrg@google.co.uk,Female,218.99.152.46
990,Edythe,Penreth,epenrethrh@nationalgeographic.com,Polygender,199.167.40.118
991,Collin,MacElane,cmacelaneri@discovery.com,Male,129.20.180.31
992,Nero,Rizzardini,nrizzardinirj@reverbnation.com,Male,32.200.130.26
993,Ricky,Pine,rpinerk@delicious.com,Male,42.114.17.65
994,Madelina,Skechley,mskechleyrl@goo.ne.jp,Genderqueer,242.121.72.90
995,Katinka,Boustred,kboustredrm@businessinsider.com,Female,135.41.93.6
996,Hernando,Pancoast,hpancoastrn@pagesperso-orange.fr,Male,76.92.142.179
997,Sven,Claricoates,sclaricoatesro@cargocollective.com,Male,147.157.58.29
998,Angelique,Morling,amorlingrp@4shared.com,Female,69.105.106.68
999,Penelope,Isworth,pisworthrq@phoca.cz,Female,22.14.6.49
1000,Lezlie,Flowerden,lflowerdenrr@ibm.com,Female,138.143.85.213
